epoch,train_loss_history,val_loss_history,train_acc_history,val_acc_history
0,0.14958263997650173,0.10864943214588646,0.9384899735450745,0.9550641179084778
